<?xml version="1.0"?>
<opencv_storage>
<stage1>
  <maxWeakCount>2</maxWeakCount>
  <stageThreshold>-3.0999684333801270e-01</stageThreshold>
  <weakClassifiers>
    <_>
      <internalNodes>
        0 -1 446705 -8.1073492765426636e-03</internalNodes>
      <leafValues>
        6.9811320304870605e-01 -9.7198879718780518e-01</leafValues></_>
    <_>
      <internalNodes>
        0 -1 505401 5.7577349245548248e-02</internalNodes>
      <leafValues>
        -9.4577419757843018e-01 6.6199195384979248e-01</leafValues></_></weakClassifiers></stage1>
</opencv_storage>
