<?xml version="1.0"?>
<opencv_storage>
<stage9>
  <maxWeakCount>4</maxWeakCount>
  <stageThreshold>-1.9666690826416016e+00</stageThreshold>
  <weakClassifiers>
    <_>
      <internalNodes>
        0 -1 14115 -1.4874237775802612e-01</internalNodes>
      <leafValues>
        4.3999999761581421e-01 -9.2222219705581665e-01</leafValues></_>
    <_>
      <internalNodes>
        0 -1 487276 4.2319871485233307e-02</internalNodes>
      <leafValues>
        -9.0008062124252319e-01 5.7913070917129517e-01</leafValues></_>
    <_>
      <internalNodes>
        0 -1 329745 -9.0966999530792236e-02</internalNodes>
      <leafValues>
        7.0087677240371704e-01 -6.9706422090530396e-01</leafValues></_>
    <_>
      <internalNodes>
        0 -1 342203 8.3374399691820145e-03</internalNodes>
      <leafValues>
        -9.2497205734252930e-01 5.5269801616668701e-01</leafValues></_></weakClassifiers></stage9>
</opencv_storage>
