<?xml version="1.0"?>
<opencv_storage>
<stage0>
  <maxWeakCount>2</maxWeakCount>
  <stageThreshold>-5.2246622741222382e-02</stageThreshold>
  <weakClassifiers>
    <_>
      <internalNodes>
        0 -1 526810 1.4160686731338501e-01</internalNodes>
      <leafValues>
        -9.6185284852981567e-01 1.</leafValues></_>
    <_>
      <internalNodes>
        0 -1 15846 -1.0673517733812332e-01</internalNodes>
      <leafValues>
        9.0960621833801270e-01 -9.7332215309143066e-01</leafValues></_></weakClassifiers></stage0>
</opencv_storage>
