<?xml version="1.0"?>
<opencv_storage>
<stage10>
  <maxWeakCount>3</maxWeakCount>
  <stageThreshold>-6.9712585210800171e-01</stageThreshold>
  <weakClassifiers>
    <_>
      <internalNodes>
        0 -1 359517 -6.9739550352096558e-02</internalNodes>
      <leafValues>
        1. -9.0476191043853760e-01</leafValues></_>
    <_>
      <internalNodes>
        0 -1 333764 -4.7280989587306976e-02</internalNodes>
      <leafValues>
        1. -7.9236394166946411e-01</leafValues></_>
    <_>
      <internalNodes>
        0 -1 5316 -4.9502170085906982e-01</internalNodes>
      <leafValues>
        1. -7.3136943578720093e-01</leafValues></_></weakClassifiers></stage10>
</opencv_storage>
