<?xml version="1.0"?>
<opencv_storage>
<stage4>
  <maxWeakCount>3</maxWeakCount>
  <stageThreshold>-1.2451505661010742e+00</stageThreshold>
  <weakClassifiers>
    <_>
      <internalNodes>
        0 -1 485070 -1.2061123549938202e-01</internalNodes>
      <leafValues>
        5.6097561120986938e-01 -9.0243899822235107e-01</leafValues></_>
    <_>
      <internalNodes>
        0 -1 445935 -9.5502221956849098e-03</internalNodes>
      <leafValues>
        4.9075067043304443e-01 -8.5229587554931641e-01</leafValues></_>
    <_>
      <internalNodes>
        0 -1 122897 1.9551903009414673e-02</internalNodes>
      <leafValues>
        -8.3346217870712280e-01 5.1560288667678833e-01</leafValues></_></weakClassifiers></stage4>
</opencv_storage>
