<?xml version="1.0"?>
<opencv_storage>
<stage7>
  <maxWeakCount>3</maxWeakCount>
  <stageThreshold>-1.3893114328384399e+00</stageThreshold>
  <weakClassifiers>
    <_>
      <internalNodes>
        0 -1 574340 5.8644860982894897e-03</internalNodes>
      <leafValues>
        -8.9304810762405396e-01 6.6666668653488159e-01</leafValues></_>
    <_>
      <internalNodes>
        0 -1 68523 1.0139275342226028e-02</internalNodes>
      <leafValues>
        -9.2464840412139893e-01 3.4795030951499939e-01</leafValues></_>
    <_>
      <internalNodes>
        0 -1 375186 9.2871300876140594e-03</internalNodes>
      <leafValues>
        -8.4421360492706299e-01 5.7469660043716431e-01</leafValues></_></weakClassifiers></stage7>
</opencv_storage>
