<?xml version="1.0"?>
<opencv_storage>
<stage3>
  <maxWeakCount>3</maxWeakCount>
  <stageThreshold>-1.2252465486526489e+00</stageThreshold>
  <weakClassifiers>
    <_>
      <internalNodes>
        0 -1 234233 -6.0554184019565582e-02</internalNodes>
      <leafValues>
        5.6521737575531006e-01 -9.2307692766189575e-01</leafValues></_>
    <_>
      <internalNodes>
        0 -1 61365 -2.1925888955593109e-02</internalNodes>
      <leafValues>
        6.3280421495437622e-01 -8.5429531335830688e-01</leafValues></_>
    <_>
      <internalNodes>
        0 -1 298088 3.4909965470433235e-03</internalNodes>
      <leafValues>
        -8.8377350568771362e-01 5.5212569236755371e-01</leafValues></_></weakClassifiers></stage3>
</opencv_storage>
