<?xml version="1.0"?>
<opencv_storage>
<stage8>
  <maxWeakCount>3</maxWeakCount>
  <stageThreshold>-1.3072823286056519e+00</stageThreshold>
  <weakClassifiers>
    <_>
      <internalNodes>
        0 -1 553081 5.1110818982124329e-02</internalNodes>
      <leafValues>
        -9.0374332666397095e-01 7.7777779102325439e-01</leafValues></_>
    <_>
      <internalNodes>
        0 -1 599024 5.4974141530692577e-03</internalNodes>
      <leafValues>
        -9.2840880155563354e-01 6.3214367628097534e-01</leafValues></_>
    <_>
      <internalNodes>
        0 -1 381181 2.7432382106781006e-02</internalNodes>
      <leafValues>
        -8.8849723339080811e-01 5.2486985921859741e-01</leafValues></_></weakClassifiers></stage8>
</opencv_storage>
