<?xml version="1.0"?>
<opencv_storage>
<stage5>
  <maxWeakCount>3</maxWeakCount>
  <stageThreshold>-1.5272318124771118e+00</stageThreshold>
  <weakClassifiers>
    <_>
      <internalNodes>
        0 -1 414303 -5.9974331408739090e-02</internalNodes>
      <leafValues>
        4.1666665673255920e-01 -9.1160219907760620e-01</leafValues></_>
    <_>
      <internalNodes>
        0 -1 29639 -4.6603167429566383e-03</internalNodes>
      <leafValues>
        2.6452448964118958e-01 -9.4148588180541992e-01</leafValues></_>
    <_>
      <internalNodes>
        0 -1 379914 -1.0821803007274866e-03</internalNodes>
      <leafValues>
        3.2585635781288147e-01 -9.8478943109512329e-01</leafValues></_></weakClassifiers></stage5>
</opencv_storage>
