<?xml version="1.0"?>
<opencv_storage>
<stage2>
  <maxWeakCount>3</maxWeakCount>
  <stageThreshold>-1.4262377023696899e+00</stageThreshold>
  <weakClassifiers>
    <_>
      <internalNodes>
        0 -1 105860 -1.1626146733760834e-02</internalNodes>
      <leafValues>
        7.3913043737411499e-01 -9.4505494832992554e-01</leafValues></_>
    <_>
      <internalNodes>
        0 -1 83318 2.9188720509409904e-02</internalNodes>
      <leafValues>
        -9.2503994703292847e-01 5.7929283380508423e-01</leafValues></_>
    <_>
      <internalNodes>
        0 -1 460963 -2.5748361367732286e-03</internalNodes>
      <leafValues>
        4.4385719299316406e-01 -1.</leafValues></_></weakClassifiers></stage2>
</opencv_storage>
