<?xml version="1.0"?>
<opencv_storage>
<stage6>
  <maxWeakCount>2</maxWeakCount>
  <stageThreshold>-6.6491824388504028e-01</stageThreshold>
  <weakClassifiers>
    <_>
      <internalNodes>
        0 -1 537785 1.9649448990821838e-01</internalNodes>
      <leafValues>
        -9.3333333730697632e-01 5.1999998092651367e-01</leafValues></_>
    <_>
      <internalNodes>
        0 -1 421010 -1.6819451004266739e-02</internalNodes>
      <leafValues>
        2.6841509342193604e-01 -9.7239357233047485e-01</leafValues></_></weakClassifiers></stage6>
</opencv_storage>
