<?xml version="1.0"?>
<opencv_storage>
<cascade>
  <stageType>BOOST</stageType>
  <featureType>HAAR</featureType>
  <height>32</height>
  <width>48</width>
  <stageParams>
    <boostType>GAB</boostType>
    <minHitRate>9.9500000476837158e-01</minHitRate>
    <maxFalseAlarm>5.0000000000000000e-01</maxFalseAlarm>
    <weightTrimRate>9.4999998807907104e-01</weightTrimRate>
    <maxDepth>1</maxDepth>
    <maxWeakCount>100</maxWeakCount></stageParams>
  <featureParams>
    <maxCatCount>0</maxCatCount>
    <featSize>1</featSize>
    <mode>BASIC</mode></featureParams>
  <stageNum>7</stageNum>
  <stages>
    <!-- stage 0 -->
    <_>
      <maxWeakCount>2</maxWeakCount>
      <stageThreshold>-6.8270599842071533e-01</stageThreshold>
      <weakClassifiers>
        <_>
          <internalNodes>
            0 -1 5 -5.6096278131008148e-02</internalNodes>
          <leafValues>
            3.1343284249305725e-01 -9.9184507131576538e-01</leafValues></_>
        <_>
          <internalNodes>
            0 -1 0 -1.3154272735118866e-01</internalNodes>
          <leafValues>
            4.5160111784934998e-01 -9.9613887071609497e-01</leafValues></_></weakClassifiers></_>
    <!-- stage 1 -->
    <_>
      <maxWeakCount>2</maxWeakCount>
      <stageThreshold>-7.7334332466125488e-01</stageThreshold>
      <weakClassifiers>
        <_>
          <internalNodes>
            0 -1 17 4.3723396956920624e-02</internalNodes>
          <leafValues>
            -9.8203593492507935e-01 6.9565218687057495e-01</leafValues></_>
        <_>
          <internalNodes>
            0 -1 1 -2.1388545632362366e-02</internalNodes>
          <leafValues>
            2.0869261026382446e-01 -1.</leafValues></_></weakClassifiers></_>
    <!-- stage 2 -->
    <_>
      <maxWeakCount>2</maxWeakCount>
      <stageThreshold>-5.9611213207244873e-01</stageThreshold>
      <weakClassifiers>
        <_>
          <internalNodes>
            0 -1 10 -6.1196248978376389e-02</internalNodes>
          <leafValues>
            5.8333331346511841e-01 -9.8000001907348633e-01</leafValues></_>
        <_>
          <internalNodes>
            0 -1 9 -2.0693451166152954e-02</internalNodes>
          <leafValues>
            3.8388785719871521e-01 -9.9697524309158325e-01</leafValues></_></weakClassifiers></_>
    <!-- stage 3 -->
    <_>
      <maxWeakCount>3</maxWeakCount>
      <stageThreshold>-1.3843050003051758e+00</stageThreshold>
      <weakClassifiers>
        <_>
          <internalNodes>
            0 -1 4 4.3384455144405365e-02</internalNodes>
          <leafValues>
            -9.6031743288040161e-01 4.0000000596046448e-01</leafValues></_>
        <_>
          <internalNodes>
            0 -1 7 4.6049930155277252e-02</internalNodes>
          <leafValues>
            -8.8875478506088257e-01 5.8630365133285522e-01</leafValues></_>
        <_>
          <internalNodes>
            0 -1 11 1.0914364829659462e-02</internalNodes>
          <leafValues>
            -8.9555013179779053e-01 6.4565867185592651e-01</leafValues></_></weakClassifiers></_>
    <!-- stage 4 -->
    <_>
      <maxWeakCount>3</maxWeakCount>
      <stageThreshold>-1.7253198623657227e+00</stageThreshold>
      <weakClassifiers>
        <_>
          <internalNodes>
            0 -1 3 -5.4779201745986938e-02</internalNodes>
          <leafValues>
            5.3488373756408691e-01 -9.7014927864074707e-01</leafValues></_>
        <_>
          <internalNodes>
            0 -1 13 -1.6712071374058723e-02</internalNodes>
          <leafValues>
            1.7221564054489136e-01 -9.5656341314315796e-01</leafValues></_>
        <_>
          <internalNodes>
            0 -1 16 -2.8494078665971756e-02</internalNodes>
          <leafValues>
            4.3801352381706238e-01 -9.2738628387451172e-01</leafValues></_></weakClassifiers></_>
    <!-- stage 5 -->
    <_>
      <maxWeakCount>3</maxWeakCount>
      <stageThreshold>-1.7251956462860107e+00</stageThreshold>
      <weakClassifiers>
        <_>
          <internalNodes>
            0 -1 12 -8.0329000949859619e-02</internalNodes>
          <leafValues>
            6.0000002384185791e-01 -9.5284873247146606e-01</leafValues></_>
        <_>
          <internalNodes>
            0 -1 14 2.9966764152050018e-02</internalNodes>
          <leafValues>
            -9.8481971025466919e-01 1.3745929300785065e-01</leafValues></_>
        <_>
          <internalNodes>
            0 -1 2 1.0762883722782135e-01</internalNodes>
          <leafValues>
            -9.0980619192123413e-01 4.5580020546913147e-01</leafValues></_></weakClassifiers></_>
    <!-- stage 6 -->
    <_>
      <maxWeakCount>4</maxWeakCount>
      <stageThreshold>-2.0518217086791992e+00</stageThreshold>
      <weakClassifiers>
        <_>
          <internalNodes>
            0 -1 8 -3.8623817265033722e-02</internalNodes>
          <leafValues>
            7.5999999046325684e-01 -9.4916909933090210e-01</leafValues></_>
        <_>
          <internalNodes>
            0 -1 18 1.4316847082227468e-03</internalNodes>
          <leafValues>
            -8.5643982887268066e-01 7.4492949247360229e-01</leafValues></_>
        <_>
          <internalNodes>
            0 -1 15 5.7465080171823502e-03</internalNodes>
          <leafValues>
            -7.9919135570526123e-01 6.3652706146240234e-01</leafValues></_>
        <_>
          <internalNodes>
            0 -1 6 -1.5587645769119263e-01</internalNodes>
          <leafValues>
            5.5297851562500000e-01 -9.5653998851776123e-01</leafValues></_></weakClassifiers></_></stages>
  <features>
    <_>
      <rects>
        <_>
          0 0 48 6 -1.</_>
        <_>
          16 0 16 6 3.</_></rects>
      <tilted>0</tilted></_>
    <_>
      <rects>
        <_>
          0 4 6 22 -1.</_>
        <_>
          3 4 3 22 2.</_></rects>
      <tilted>0</tilted></_>
    <_>
      <rects>
        <_>
          1 0 28 16 -1.</_>
        <_>
          1 0 14 8 2.</_>
        <_>
          15 8 14 8 2.</_></rects>
      <tilted>0</tilted></_>
    <_>
      <rects>
        <_>
          2 0 5 20 -1.</_>
        <_>
          2 10 5 10 2.</_></rects>
      <tilted>0</tilted></_>
    <_>
      <rects>
        <_>
          2 26 30 6 -1.</_>
        <_>
          2 29 30 3 2.</_></rects>
      <tilted>0</tilted></_>
    <_>
      <rects>
        <_>
          8 13 18 16 -1.</_>
        <_>
          8 13 9 8 2.</_>
        <_>
          17 21 9 8 2.</_></rects>
      <tilted>0</tilted></_>
    <_>
      <rects>
        <_>
          10 1 36 28 -1.</_>
        <_>
          10 1 18 14 2.</_>
        <_>
          28 15 18 14 2.</_></rects>
      <tilted>0</tilted></_>
    <_>
      <rects>
        <_>
          15 12 12 12 -1.</_>
        <_>
          19 12 4 12 3.</_></rects>
      <tilted>0</tilted></_>
    <_>
      <rects>
        <_>
          16 9 12 18 -1.</_>
        <_>
          20 9 4 18 3.</_></rects>
      <tilted>0</tilted></_>
    <_>
      <rects>
        <_>
          17 18 24 4 -1.</_>
        <_>
          29 18 12 4 2.</_></rects>
      <tilted>0</tilted></_>
    <_>
      <rects>
        <_>
          18 6 22 12 -1.</_>
        <_>
          18 6 11 6 2.</_>
        <_>
          29 12 11 6 2.</_></rects>
      <tilted>0</tilted></_>
    <_>
      <rects>
        <_>
          22 28 16 4 -1.</_>
        <_>
          22 30 16 2 2.</_></rects>
      <tilted>0</tilted></_>
    <_>
      <rects>
        <_>
          25 0 12 24 -1.</_>
        <_>
          25 0 6 12 2.</_>
        <_>
          31 12 6 12 2.</_></rects>
      <tilted>0</tilted></_>
    <_>
      <rects>
        <_>
          25 12 14 9 -1.</_>
        <_>
          25 15 14 3 3.</_></rects>
      <tilted>0</tilted></_>
    <_>
      <rects>
        <_>
          28 0 18 5 -1.</_>
        <_>
          37 0 9 5 2.</_></rects>
      <tilted>0</tilted></_>
    <_>
      <rects>
        <_>
          31 11 12 12 -1.</_>
        <_>
          35 11 4 12 3.</_></rects>
      <tilted>0</tilted></_>
    <_>
      <rects>
        <_>
          33 22 15 8 -1.</_>
        <_>
          38 22 5 8 3.</_></rects>
      <tilted>0</tilted></_>
    <_>
      <rects>
        <_>
          42 7 6 19 -1.</_>
        <_>
          45 7 3 19 2.</_></rects>
      <tilted>0</tilted></_>
    <_>
      <rects>
        <_>
          45 11 3 3 -1.</_>
        <_>
          46 11 1 3 3.</_></rects>
      <tilted>0</tilted></_></features></cascade>
</opencv_storage>
