<?xml version="1.0"?>
<opencv_storage>
<stage2>
  <maxWeakCount>2</maxWeakCount>
  <stageThreshold>-5.9611213207244873e-01</stageThreshold>
  <weakClassifiers>
    <_>
      <internalNodes>
        0 -1 707416 -6.1196248978376389e-02</internalNodes>
      <leafValues>
        5.8333331346511841e-01 -9.8000001907348633e-01</leafValues></_>
    <_>
      <internalNodes>
        0 -1 691178 -2.0693451166152954e-02</internalNodes>
      <leafValues>
        3.8388785719871521e-01 -9.9697524309158325e-01</leafValues></_></weakClassifiers></stage2>
</opencv_storage>
