<?xml version="1.0"?>
<opencv_storage>
<stage5>
  <maxWeakCount>3</maxWeakCount>
  <stageThreshold>-1.7251956462860107e+00</stageThreshold>
  <weakClassifiers>
    <_>
      <internalNodes>
        0 -1 881759 -8.0329000949859619e-02</internalNodes>
      <leafValues>
        6.0000002384185791e-01 -9.5284873247146606e-01</leafValues></_>
    <_>
      <internalNodes>
        0 -1 945934 2.9966764152050018e-02</internalNodes>
      <leafValues>
        -9.8481971025466919e-01 1.3745929300785065e-01</leafValues></_>
    <_>
      <internalNodes>
        0 -1 48889 1.0762883722782135e-01</internalNodes>
      <leafValues>
        -9.0980619192123413e-01 4.5580020546913147e-01</leafValues></_></weakClassifiers></stage5>
</opencv_storage>
