<?xml version="1.0"?>
<opencv_storage>
<stage3>
  <maxWeakCount>3</maxWeakCount>
  <stageThreshold>-1.3843050003051758e+00</stageThreshold>
  <weakClassifiers>
    <_>
      <internalNodes>
        0 -1 137326 4.3384455144405365e-02</internalNodes>
      <leafValues>
        -9.6031743288040161e-01 4.0000000596046448e-01</leafValues></_>
    <_>
      <internalNodes>
        0 -1 622694 4.6049930155277252e-02</internalNodes>
      <leafValues>
        -8.8875478506088257e-01 5.8630365133285522e-01</leafValues></_>
    <_>
      <internalNodes>
        0 -1 833018 1.0914364829659462e-02</internalNodes>
      <leafValues>
        -8.9555013179779053e-01 6.4565867185592651e-01</leafValues></_></weakClassifiers></stage3>
</opencv_storage>
