<?xml version="1.0"?>
<opencv_storage>
<stage0>
  <maxWeakCount>2</maxWeakCount>
  <stageThreshold>-6.8270599842071533e-01</stageThreshold>
  <weakClassifiers>
    <_>
      <internalNodes>
        0 -1 375075 -5.6096278131008148e-02</internalNodes>
      <leafValues>
        3.1343284249305725e-01 -9.9184507131576538e-01</leafValues></_>
    <_>
      <internalNodes>
        0 -1 1617 -1.3154272735118866e-01</internalNodes>
      <leafValues>
        4.5160111784934998e-01 -9.9613887071609497e-01</leafValues></_></weakClassifiers></stage0>
</opencv_storage>
