<?xml version="1.0"?>
<opencv_storage>
<stage1>
  <maxWeakCount>2</maxWeakCount>
  <stageThreshold>-7.7334332466125488e-01</stageThreshold>
  <weakClassifiers>
    <_>
      <internalNodes>
        0 -1 1129190 4.3723396956920624e-02</internalNodes>
      <leafValues>
        -9.8203593492507935e-01 6.9565218687057495e-01</leafValues></_>
    <_>
      <internalNodes>
        0 -1 11337 -2.1388545632362366e-02</internalNodes>
      <leafValues>
        2.0869261026382446e-01 -1.</leafValues></_></weakClassifiers></stage1>
</opencv_storage>
