<?xml version="1.0"?>
<opencv_storage>
<stage4>
  <maxWeakCount>3</maxWeakCount>
  <stageThreshold>-1.7253198623657227e+00</stageThreshold>
  <weakClassifiers>
    <_>
      <internalNodes>
        0 -1 93681 -5.4779201745986938e-02</internalNodes>
      <leafValues>
        5.3488373756408691e-01 -9.7014927864074707e-01</leafValues></_>
    <_>
      <internalNodes>
        0 -1 895229 -1.6712071374058723e-02</internalNodes>
      <leafValues>
        1.7221564054489136e-01 -9.5656341314315796e-01</leafValues></_>
    <_>
      <internalNodes>
        0 -1 1045472 -2.8494078665971756e-02</internalNodes>
      <leafValues>
        4.3801352381706238e-01 -9.2738628387451172e-01</leafValues></_></weakClassifiers></stage4>
</opencv_storage>
