<?xml version="1.0"?>
<opencv_storage>
<stage6>
  <maxWeakCount>4</maxWeakCount>
  <stageThreshold>-2.0518217086791992e+00</stageThreshold>
  <weakClassifiers>
    <_>
      <internalNodes>
        0 -1 650481 -3.8623817265033722e-02</internalNodes>
      <leafValues>
        7.5999999046325684e-01 -9.4916909933090210e-01</leafValues></_>
    <_>
      <internalNodes>
        0 -1 1142061 1.4316847082227468e-03</internalNodes>
      <leafValues>
        -8.5643982887268066e-01 7.4492949247360229e-01</leafValues></_>
    <_>
      <internalNodes>
        0 -1 1009970 5.7465080171823502e-03</internalNodes>
      <leafValues>
        -7.9919135570526123e-01 6.3652706146240234e-01</leafValues></_>
    <_>
      <internalNodes>
        0 -1 430585 -1.5587645769119263e-01</internalNodes>
      <leafValues>
        5.5297851562500000e-01 -9.5653998851776123e-01</leafValues></_></weakClassifiers></stage6>
</opencv_storage>
