<?xml version="1.0"?>
<opencv_storage>
<stage8>
  <maxWeakCount>2</maxWeakCount>
  <stageThreshold>-7.0644342899322510e-01</stageThreshold>
  <weakClassifiers>
    <_>
      <internalNodes>
        0 -1 64634 -3.3093571662902832e-02</internalNodes>
      <leafValues>
        6.9230771064758301e-01 -9.0353697538375854e-01</leafValues></_>
    <_>
      <internalNodes>
        0 -1 299735 1.4810750726610422e-03</internalNodes>
      <leafValues>
        1.9709356129169464e-01 -9.7944211959838867e-01</leafValues></_></weakClassifiers></stage8>
</opencv_storage>
