<?xml version="1.0"?>
<opencv_storage>
<stage2>
  <maxWeakCount>3</maxWeakCount>
  <stageThreshold>-1.4382675886154175e+00</stageThreshold>
  <weakClassifiers>
    <_>
      <internalNodes>
        0 -1 190025 -7.4363127350807190e-02</internalNodes>
      <leafValues>
        2.0000000298023224e-01 -9.7163122892379761e-01</leafValues></_>
    <_>
      <internalNodes>
        0 -1 487709 -2.5431835092604160e-03</internalNodes>
      <leafValues>
        4.9278801679611206e-01 -8.7170344591140747e-01</leafValues></_>
    <_>
      <internalNodes>
        0 -1 209215 3.5017810761928558e-02</internalNodes>
      <leafValues>
        -9.8076862096786499e-01 4.0506714582443237e-01</leafValues></_></weakClassifiers></stage2>
</opencv_storage>
