<?xml version="1.0"?>
<opencv_storage>
<stage0>
  <maxWeakCount>2</maxWeakCount>
  <stageThreshold>-4.3863385915756226e-01</stageThreshold>
  <weakClassifiers>
    <_>
      <internalNodes>
        0 -1 200849 -1.1277819424867630e-01</internalNodes>
      <leafValues>
        6.9999998807907104e-01 -9.7979795932769775e-01</leafValues></_>
    <_>
      <internalNodes>
        0 -1 442314 -1.7570069059729576e-02</internalNodes>
      <leafValues>
        5.4116410017013550e-01 -1.</leafValues></_></weakClassifiers></stage0>
</opencv_storage>
