<?xml version="1.0"?>
<opencv_storage>
<stage6>
  <maxWeakCount>3</maxWeakCount>
  <stageThreshold>-1.0764040946960449e+00</stageThreshold>
  <weakClassifiers>
    <_>
      <internalNodes>
        0 -1 248576 -4.1173197329044342e-02</internalNodes>
      <leafValues>
        1. -8.9274448156356812e-01</leafValues></_>
    <_>
      <internalNodes>
        0 -1 224839 -5.1590848714113235e-02</internalNodes>
      <leafValues>
        5.1120132207870483e-01 -8.7701439857482910e-01</leafValues></_>
    <_>
      <internalNodes>
        0 -1 110318 -4.2466253042221069e-02</internalNodes>
      <leafValues>
        8.6755335330963135e-01 -6.9486093521118164e-01</leafValues></_></weakClassifiers></stage6>
</opencv_storage>
