<?xml version="1.0"?>
<opencv_storage>
<stage9>
  <maxWeakCount>3</maxWeakCount>
  <stageThreshold>-1.1375645399093628e+00</stageThreshold>
  <weakClassifiers>
    <_>
      <internalNodes>
        0 -1 340564 -4.9862549640238285e-03</internalNodes>
      <leafValues>
        1. -8.8087773323059082e-01</leafValues></_>
    <_>
      <internalNodes>
        0 -1 391688 5.3980578668415546e-03</internalNodes>
      <leafValues>
        -8.5411036014556885e-01 9.1241490840911865e-01</leafValues></_>
    <_>
      <internalNodes>
        0 -1 340260 -4.5542608946561813e-02</internalNodes>
      <leafValues>
        5.9742355346679688e-01 -9.5621377229690552e-01</leafValues></_></weakClassifiers></stage9>
</opencv_storage>
