<?xml version="1.0"?>
<opencv_storage>
<stage4>
  <maxWeakCount>3</maxWeakCount>
  <stageThreshold>-1.1280977725982666e+00</stageThreshold>
  <weakClassifiers>
    <_>
      <internalNodes>
        0 -1 281231 -7.1576484479010105e-03</internalNodes>
      <leafValues>
        1. -8.8087773323059082e-01</leafValues></_>
    <_>
      <internalNodes>
        0 -1 352533 2.5479160249233246e-02</internalNodes>
      <leafValues>
        -7.8296363353729248e-01 7.0685875415802002e-01</leafValues></_>
    <_>
      <internalNodes>
        0 -1 161695 8.3111668936908245e-04</internalNodes>
      <leafValues>
        5.5784887075424194e-01 -9.5407879352569580e-01</leafValues></_></weakClassifiers></stage4>
</opencv_storage>
