<?xml version="1.0"?>
<opencv_storage>
<stage7>
  <maxWeakCount>3</maxWeakCount>
  <stageThreshold>-1.2748991250991821e+00</stageThreshold>
  <weakClassifiers>
    <_>
      <internalNodes>
        0 -1 119947 -2.1573325991630554e-01</internalNodes>
      <leafValues>
        7.5000000000000000e-01 -8.9776355028152466e-01</leafValues></_>
    <_>
      <internalNodes>
        0 -1 80543 -1.6255781054496765e-01</internalNodes>
      <leafValues>
        5.8774131536483765e-01 -8.2153266668319702e-01</leafValues></_>
    <_>
      <internalNodes>
        0 -1 109796 -4.2775869369506836e-03</internalNodes>
      <leafValues>
        -9.3914949893951416e-01 4.4439709186553955e-01</leafValues></_></weakClassifiers></stage7>
</opencv_storage>
