<?xml version="1.0"?>
<opencv_storage>
<stage3>
  <maxWeakCount>3</maxWeakCount>
  <stageThreshold>-1.4042975902557373e+00</stageThreshold>
  <weakClassifiers>
    <_>
      <internalNodes>
        0 -1 271733 -2.9116688296198845e-02</internalNodes>
      <leafValues>
        7.0370370149612427e-01 -9.0967744588851929e-01</leafValues></_>
    <_>
      <internalNodes>
        0 -1 341166 -6.2557727098464966e-02</internalNodes>
      <leafValues>
        7.0074659585952759e-01 -9.2067098617553711e-01</leafValues></_>
    <_>
      <internalNodes>
        0 -1 340915 -4.1128940880298615e-02</internalNodes>
      <leafValues>
        4.2605084180831909e-01 -1.</leafValues></_></weakClassifiers></stage3>
</opencv_storage>
