<?xml version="1.0"?>
<opencv_storage>
<stage1>
  <maxWeakCount>2</maxWeakCount>
  <stageThreshold>-1.5473695099353790e-01</stageThreshold>
  <weakClassifiers>
    <_>
      <internalNodes>
        0 -1 109113 -1.1393474414944649e-03</internalNodes>
      <leafValues>
        8.2352942228317261e-01 -9.6039605140686035e-01</leafValues></_>
    <_>
      <internalNodes>
        0 -1 135738 -1.9164846744388342e-03</internalNodes>
      <leafValues>
        8.0565911531448364e-01 -9.2818158864974976e-01</leafValues></_></weakClassifiers></stage1>
</opencv_storage>
