<?xml version="1.0"?>
<opencv_storage>
<stage5>
  <maxWeakCount>3</maxWeakCount>
  <stageThreshold>-9.2341536283493042e-01</stageThreshold>
  <weakClassifiers>
    <_>
      <internalNodes>
        0 -1 420389 6.3279303722083569e-03</internalNodes>
      <leafValues>
        -8.7460815906524658e-01 8.8888889551162720e-01</leafValues></_>
    <_>
      <internalNodes>
        0 -1 441138 -3.6095432937145233e-02</internalNodes>
      <leafValues>
        5.6226974725723267e-01 -9.1995215415954590e-01</leafValues></_>
    <_>
      <internalNodes>
        0 -1 358547 -8.1425057724118233e-03</internalNodes>
      <leafValues>
        9.5796322822570801e-01 -6.1107701063156128e-01</leafValues></_></weakClassifiers></stage5>
</opencv_storage>
