<?xml version="1.0"?>
<opencv_storage>
<cascade>
  <stageType>BOOST</stageType>
  <featureType>HAAR</featureType>
  <height>32</height>
  <width>32</width>
  <stageParams>
    <boostType>GAB</boostType>
    <minHitRate>9.9500000476837158e-01</minHitRate>
    <maxFalseAlarm>5.0000000000000000e-01</maxFalseAlarm>
    <weightTrimRate>9.4999998807907104e-01</weightTrimRate>
    <maxDepth>1</maxDepth>
    <maxWeakCount>100</maxWeakCount></stageParams>
  <featureParams>
    <maxCatCount>0</maxCatCount>
    <featSize>1</featSize>
    <mode>BASIC</mode></featureParams>
  <stageNum>10</stageNum>
  <stages>
    <!-- stage 0 -->
    <_>
      <maxWeakCount>2</maxWeakCount>
      <stageThreshold>-4.3863385915756226e-01</stageThreshold>
      <weakClassifiers>
        <_>
          <internalNodes>
            0 -1 9 -1.1277819424867630e-01</internalNodes>
          <leafValues>
            6.9999998807907104e-01 -9.7979795932769775e-01</leafValues></_>
        <_>
          <internalNodes>
            0 -1 25 -1.7570069059729576e-02</internalNodes>
          <leafValues>
            5.4116410017013550e-01 -1.</leafValues></_></weakClassifiers></_>
    <!-- stage 1 -->
    <_>
      <maxWeakCount>2</maxWeakCount>
      <stageThreshold>-1.5473695099353790e-01</stageThreshold>
      <weakClassifiers>
        <_>
          <internalNodes>
            0 -1 2 -1.1393474414944649e-03</internalNodes>
          <leafValues>
            8.2352942228317261e-01 -9.6039605140686035e-01</leafValues></_>
        <_>
          <internalNodes>
            0 -1 6 -1.9164846744388342e-03</internalNodes>
          <leafValues>
            8.0565911531448364e-01 -9.2818158864974976e-01</leafValues></_></weakClassifiers></_>
    <!-- stage 2 -->
    <_>
      <maxWeakCount>3</maxWeakCount>
      <stageThreshold>-1.4382675886154175e+00</stageThreshold>
      <weakClassifiers>
        <_>
          <internalNodes>
            0 -1 8 -7.4363127350807190e-02</internalNodes>
          <leafValues>
            2.0000000298023224e-01 -9.7163122892379761e-01</leafValues></_>
        <_>
          <internalNodes>
            0 -1 26 -2.5431835092604160e-03</internalNodes>
          <leafValues>
            4.9278801679611206e-01 -8.7170344591140747e-01</leafValues></_>
        <_>
          <internalNodes>
            0 -1 10 3.5017810761928558e-02</internalNodes>
          <leafValues>
            -9.8076862096786499e-01 4.0506714582443237e-01</leafValues></_></weakClassifiers></_>
    <!-- stage 3 -->
    <_>
      <maxWeakCount>3</maxWeakCount>
      <stageThreshold>-1.4042975902557373e+00</stageThreshold>
      <weakClassifiers>
        <_>
          <internalNodes>
            0 -1 13 -2.9116688296198845e-02</internalNodes>
          <leafValues>
            7.0370370149612427e-01 -9.0967744588851929e-01</leafValues></_>
        <_>
          <internalNodes>
            0 -1 19 -6.2557727098464966e-02</internalNodes>
          <leafValues>
            7.0074659585952759e-01 -9.2067098617553711e-01</leafValues></_>
        <_>
          <internalNodes>
            0 -1 18 -4.1128940880298615e-02</internalNodes>
          <leafValues>
            4.2605084180831909e-01 -1.</leafValues></_></weakClassifiers></_>
    <!-- stage 4 -->
    <_>
      <maxWeakCount>3</maxWeakCount>
      <stageThreshold>-1.1280977725982666e+00</stageThreshold>
      <weakClassifiers>
        <_>
          <internalNodes>
            0 -1 14 -7.1576484479010105e-03</internalNodes>
          <leafValues>
            1. -8.8087773323059082e-01</leafValues></_>
        <_>
          <internalNodes>
            0 -1 20 2.5479160249233246e-02</internalNodes>
          <leafValues>
            -7.8296363353729248e-01 7.0685875415802002e-01</leafValues></_>
        <_>
          <internalNodes>
            0 -1 7 8.3111668936908245e-04</internalNodes>
          <leafValues>
            5.5784887075424194e-01 -9.5407879352569580e-01</leafValues></_></weakClassifiers></_>
    <!-- stage 5 -->
    <_>
      <maxWeakCount>3</maxWeakCount>
      <stageThreshold>-9.2341536283493042e-01</stageThreshold>
      <weakClassifiers>
        <_>
          <internalNodes>
            0 -1 23 6.3279303722083569e-03</internalNodes>
          <leafValues>
            -8.7460815906524658e-01 8.8888889551162720e-01</leafValues></_>
        <_>
          <internalNodes>
            0 -1 24 -3.6095432937145233e-02</internalNodes>
          <leafValues>
            5.6226974725723267e-01 -9.1995215415954590e-01</leafValues></_>
        <_>
          <internalNodes>
            0 -1 21 -8.1425057724118233e-03</internalNodes>
          <leafValues>
            9.5796322822570801e-01 -6.1107701063156128e-01</leafValues></_></weakClassifiers></_>
    <!-- stage 6 -->
    <_>
      <maxWeakCount>3</maxWeakCount>
      <stageThreshold>-1.0764040946960449e+00</stageThreshold>
      <weakClassifiers>
        <_>
          <internalNodes>
            0 -1 12 -4.1173197329044342e-02</internalNodes>
          <leafValues>
            1. -8.9274448156356812e-01</leafValues></_>
        <_>
          <internalNodes>
            0 -1 11 -5.1590848714113235e-02</internalNodes>
          <leafValues>
            5.1120132207870483e-01 -8.7701439857482910e-01</leafValues></_>
        <_>
          <internalNodes>
            0 -1 4 -4.2466253042221069e-02</internalNodes>
          <leafValues>
            8.6755335330963135e-01 -6.9486093521118164e-01</leafValues></_></weakClassifiers></_>
    <!-- stage 7 -->
    <_>
      <maxWeakCount>3</maxWeakCount>
      <stageThreshold>-1.2748991250991821e+00</stageThreshold>
      <weakClassifiers>
        <_>
          <internalNodes>
            0 -1 5 -2.1573325991630554e-01</internalNodes>
          <leafValues>
            7.5000000000000000e-01 -8.9776355028152466e-01</leafValues></_>
        <_>
          <internalNodes>
            0 -1 1 -1.6255781054496765e-01</internalNodes>
          <leafValues>
            5.8774131536483765e-01 -8.2153266668319702e-01</leafValues></_>
        <_>
          <internalNodes>
            0 -1 3 -4.2775869369506836e-03</internalNodes>
          <leafValues>
            -9.3914949893951416e-01 4.4439709186553955e-01</leafValues></_></weakClassifiers></_>
    <!-- stage 8 -->
    <_>
      <maxWeakCount>2</maxWeakCount>
      <stageThreshold>-7.0644342899322510e-01</stageThreshold>
      <weakClassifiers>
        <_>
          <internalNodes>
            0 -1 0 -3.3093571662902832e-02</internalNodes>
          <leafValues>
            6.9230771064758301e-01 -9.0353697538375854e-01</leafValues></_>
        <_>
          <internalNodes>
            0 -1 15 1.4810750726610422e-03</internalNodes>
          <leafValues>
            1.9709356129169464e-01 -9.7944211959838867e-01</leafValues></_></weakClassifiers></_>
    <!-- stage 9 -->
    <_>
      <maxWeakCount>3</maxWeakCount>
      <stageThreshold>-1.1375645399093628e+00</stageThreshold>
      <weakClassifiers>
        <_>
          <internalNodes>
            0 -1 17 -4.9862549640238285e-03</internalNodes>
          <leafValues>
            1. -8.8087773323059082e-01</leafValues></_>
        <_>
          <internalNodes>
            0 -1 22 5.3980578668415546e-03</internalNodes>
          <leafValues>
            -8.5411036014556885e-01 9.1241490840911865e-01</leafValues></_>
        <_>
          <internalNodes>
            0 -1 16 -4.5542608946561813e-02</internalNodes>
          <leafValues>
            5.9742355346679688e-01 -9.5621377229690552e-01</leafValues></_></weakClassifiers></_></stages>
  <features>
    <_>
      <rects>
        <_>
          2 1 18 4 -1.</_>
        <_>
          2 3 18 2 2.</_></rects>
      <tilted>0</tilted></_>
    <_>
      <rects>
        <_>
          2 12 30 14 -1.</_>
        <_>
          2 19 30 7 2.</_></rects>
      <tilted>0</tilted></_>
    <_>
      <rects>
        <_>
          3 13 3 3 -1.</_>
        <_>
          4 13 1 3 3.</_></rects>
      <tilted>0</tilted></_>
    <_>
      <rects>
        <_>
          3 13 26 3 -1.</_>
        <_>
          16 13 13 3 2.</_></rects>
      <tilted>0</tilted></_>
    <_>
      <rects>
        <_>
          3 14 4 18 -1.</_>
        <_>
          3 23 4 9 2.</_></rects>
      <tilted>0</tilted></_>
    <_>
      <rects>
        <_>
          4 0 27 32 -1.</_>
        <_>
          13 0 9 32 3.</_></rects>
      <tilted>0</tilted></_>
    <_>
      <rects>
        <_>
          4 12 3 5 -1.</_>
        <_>
          5 12 1 5 3.</_></rects>
      <tilted>0</tilted></_>
    <_>
      <rects>
        <_>
          5 11 8 9 -1.</_>
        <_>
          9 11 4 9 2.</_></rects>
      <tilted>0</tilted></_>
    <_>
      <rects>
        <_>
          6 13 21 10 -1.</_>
        <_>
          6 18 21 5 2.</_></rects>
      <tilted>0</tilted></_>
    <_>
      <rects>
        <_>
          7 1 16 15 -1.</_>
        <_>
          7 6 16 5 3.</_></rects>
      <tilted>0</tilted></_>
    <_>
      <rects>
        <_>
          7 8 7 15 -1.</_>
        <_>
          7 13 7 5 3.</_></rects>
      <tilted>0</tilted></_>
    <_>
      <rects>
        <_>
          8 1 12 12 -1.</_>
        <_>
          8 5 12 4 3.</_></rects>
      <tilted>0</tilted></_>
    <_>
      <rects>
        <_>
          9 1 18 4 -1.</_>
        <_>
          9 3 18 2 2.</_></rects>
      <tilted>0</tilted></_>
    <_>
      <rects>
        <_>
          10 2 15 4 -1.</_>
        <_>
          10 4 15 2 2.</_></rects>
      <tilted>0</tilted></_>
    <_>
      <rects>
        <_>
          10 12 3 8 -1.</_>
        <_>
          11 12 1 8 3.</_></rects>
      <tilted>0</tilted></_>
    <_>
      <rects>
        <_>
          11 9 8 5 -1.</_>
        <_>
          15 9 4 5 2.</_></rects>
      <tilted>0</tilted></_>
    <_>
      <rects>
        <_>
          13 11 7 18 -1.</_>
        <_>
          13 20 7 9 2.</_></rects>
      <tilted>0</tilted></_>
    <_>
      <rects>
        <_>
          13 12 3 5 -1.</_>
        <_>
          14 12 1 5 3.</_></rects>
      <tilted>0</tilted></_>
    <_>
      <rects>
        <_>
          13 12 6 20 -1.</_>
        <_>
          13 22 6 10 2.</_></rects>
      <tilted>0</tilted></_>
    <_>
      <rects>
        <_>
          13 12 15 12 -1.</_>
        <_>
          13 18 15 6 2.</_></rects>
      <tilted>0</tilted></_>
    <_>
      <rects>
        <_>
          14 4 18 2 -1.</_>
        <_>
          23 4 9 2 2.</_></rects>
      <tilted>0</tilted></_>
    <_>
      <rects>
        <_>
          14 12 3 9 -1.</_>
        <_>
          15 12 1 9 3.</_></rects>
      <tilted>0</tilted></_>
    <_>
      <rects>
        <_>
          16 13 3 5 -1.</_>
        <_>
          17 13 1 5 3.</_></rects>
      <tilted>0</tilted></_>
    <_>
      <rects>
        <_>
          18 13 3 5 -1.</_>
        <_>
          19 13 1 5 3.</_></rects>
      <tilted>0</tilted></_>
    <_>
      <rects>
        <_>
          20 5 8 12 -1.</_>
        <_>
          20 5 4 6 2.</_>
        <_>
          24 11 4 6 2.</_></rects>
      <tilted>0</tilted></_>
    <_>
      <rects>
        <_>
          20 7 8 10 -1.</_>
        <_>
          20 7 4 5 2.</_>
        <_>
          24 12 4 5 2.</_></rects>
      <tilted>0</tilted></_>
    <_>
      <rects>
        <_>
          25 7 2 8 -1.</_>
        <_>
          25 7 1 4 2.</_>
        <_>
          26 11 1 4 2.</_></rects>
      <tilted>0</tilted></_></features></cascade>
</opencv_storage>
